SNP,Gene,,,,,,,,
44747,CNAG_00012,GM-CSF,IL-2,IL-12p70,,,,,
44753,CNAG_00012,GM-CSF,,,,,,,
44785,CNAG_00012,IL-2,,,,,,,
477160,CNAG_00174,Brain CFUs,,,,,,,
836479,CNAG_01241,IFNg,SDS,,,,,,
836568,CNAG_01241,Virulence dpi,,,,,,,
836899,CNAG_01241,Brain CFUs,,,,,,,
10931,CNAG_01461,Brain CFUs,GM-CSF,IL-12p70,,,,,
104630,CNAG_01491,Brain CFUs,IL-18,,,,,,
804706,CNAG_01754,Lung CFUs,,,,,,,
988043,CNAG_02176,IL-13,,,,,,,
988261,CNAG_02176,IL-5,,,,,,,
988843,CNAG_02176,Lung CFUs,,,,,,,
989732,CNAG_02176,IL-13,L-DOPA 30C,,,,,,
990992,CNAG_02176,Brain CFUs,,,,,,,
220264,CNAG_02475,IL-5,IL-13,Lung CFUs,,,,,
220267,CNAG_02475,IL-5,IL-13,Lung CFUs,,,,,
221273,CNAG_02475,IL-1b,,,,,,,
221275,CNAG_02475,IL-1b,,,,,,,
221282,CNAG_02475,IL-1b,Lung CFUs,,,,,,
191358,CNAG_02487,IFNg,Brain CFUs,,,,,,
817562,CNAG_03387,IL-1b,IL-18,TNF alpha,,,,,
817567,CNAG_03387,IL-1b,IL-18,TNF alpha,,,,,
817674,CNAG_03387,Brain CFUs,IL-18,,,,,,
5213,CNAG_04100,IFNg,,,,,,,
6619,CNAG_04101,IFNg,IL-1b,IL-6,IL-18,Lung CFUs,TNF alpha,Virulence dpi,Virulence category
705571,CNAG_04374,Lung CFUs,,,,,,,
318276,CNAG_04820,IL-2,,,,,,,
18785,CNAG_04922,IL-13,,,,,,,
18988,CNAG_04922,GM-CSF,IL-12p70,TNF alpha,GM-CSF,IL-12p70,TNF alpha,,
18997,CNAG_04922,GM-CSF,IL-12p70,TNF alpha,,,,,
19002,CNAG_04922,GM-CSF,IL-4,IL-12p70,IL-13,,,,
19004,CNAG_04922,GM-CSF,IL-4,IL-12p70,IL-13,,,,
19015,CNAG_04922,GM-CSF,IL-4,IL-12p70,IL-13,,,,
19031,CNAG_04922,GM-CSF,IL-12p70,TNF alpha,,,,,
19067,CNAG_04922,IL-18,,,,,,,
667433,CNAG_05185,Brain CFUs,IL-5,IL-6,,,,,
667446,CNAG_05185,Brain CFUs,IL-5,IL-6,,,,,
995956,CNAG_05303,L-DOPA 30C,,,,,,,
1076446,CNAG_05329,IL-4,,,,,,,
1076465,CNAG_05329,IFNg,IL-4,,,,,,
908850,CNAG_05661,IL-13,,,,,,,
909450,CNAG_05661,IL-1b,Virulence dpi,,,,,,
909638,CNAG_05661,IL-4,IL-5,,,,,,
910834,CNAG_05662,Brain CFUs,,,,,,,
911308,CNAG_05662,IFNg,,,,,,,
911314,CNAG_05662,IFNg,,,,,,,
911321,CNAG_05662,IFNg,IL-18,,,,,,
911262,CNAG_05664,IL-18,,,,,,,
911385,CNAG_05664,IL-18,,,,,,,
911414,CNAG_05664,IFNg,IL-18,,,,,,
752860,CNAG_05746,Brain CFUs,IL-18,TNF alpha,,,,,
1205599,CNAG_05913,IL-1b,IL-6,,,,,,
1205600,CNAG_05913,IL-1b,IL-6,,,,,,
1263610,CNAG_05937,IL-4,,,,,,,
1263646,CNAG_05937,Virulence dpi,,,,,,,
1263647,CNAG_05937,Virulence dpi,,,,,,,
14197,CNAG_05987,IL-2,,,,,,,
14202,CNAG_05987,IL-2,,,,,,,
14301,CNAG_05987,Lung CFUs,,,,,,,
14318,CNAG_05987,Virulence dpi,,,,,,,
15014,CNAG_05987,Lung CFUs,37C,,,,,,
19728,CNAG_05987,GM-CSF,IL-4,IL-12p70,IL-13,,,,
19741,CNAG_05987,IL-4,IL-13,,,,,,
502808,CNAG_06169,GM-CSF,IL-12p70,TNF alpha,,,,,
502864,CNAG_06169,TNF alpha,,,,,,,
502865,CNAG_06169,TNF alpha,,,,,,,
502909,CNAG_06169,GM-CSF,IL-12p70,,,,,,
502909,CNAG_06169,TNF alpha,,,,,,,
503049,CNAG_06169,GM-CSF,IL-12p70,37C,,,,,
503112,CNAG_06169,IL-4,IL-13,,,,,,
503171,CNAG_06169,TNF alpha,,,,,,,
503293,CNAG_06169,TNF alpha,,,,,,,
503321,CNAG_06169,TNF alpha,,,,,,,
503327,CNAG_06169,TNF alpha,,,,,,,
503401,CNAG_06169,L-DOPA 30C,,,,,,,
11108,CNAG_06256,IFNg,Brain CFUs,IL-6,SDS,,,,
52884,CNAG_06272,Virulence dpi,,,,,,,
655915,CNAG_06490,IL-5,,,,,,,
14006,CNAG_06525,IL-2,,,,,,,
165027,CNAG_06574,IL-13,,,,,,,
165873,CNAG_06574,Lung CFUs,37C,,,,,,
167135,CNAG_06574,IL-1b,IL-6,,,,,,
167192,CNAG_06574,IL-1b,IL-6,,,,,,
167292,CNAG_06574,IL-1b,IL-5,IL-6,,,,,
167370,CNAG_06574,IL-1b,IL-5,IL-6,,,,,
7093,CNAG_06876,IL-1b,IL-18,Lung CFUs,Virulence dpi,,,,
739933,CNAG_07164,IL-1b,,,,,,,
10892,CNAG_07497,Brain CFUs,GM-CSF,IL-12p70,TNF alpha,,,,
1071924,CNAG_07528,IFNg,,,,,,,
1071929,CNAG_07528,IFNg,,,,,,,
10896,CNAG_07586,Brain CFUs,,,,,,,
818838,CNAG_07727,TNF alpha,,,,,,,
847517,CNAG_07728,Brain CFUs,GM-CSF,IL-12p70,,,,,
1326140,CNAG_07748,IL-1b,IL-18,TNF alpha,,,,,
15302,CNAG_07837,Virulence dpi,Virulence category,,,,,,
15449,CNAG_07837,IL-2,,,,,,,
15455,CNAG_07837,IL-2,,,,,,,
15458,CNAG_07837,IL-2,,,,,,,
15461,CNAG_07837,IL-2,,,,,,,
15463,CNAG_07837,IL-2,,,,,,,
15473,CNAG_07837,IL-2,,,,,,,
155590,CNAG_07874,IL-1b,Lung CFUs,Virulence dpi,,,,,
975397,CNAG_07950,IFNg,SDS,,,,,,
975445,CNAG_07950,GM-CSF,IL-12p70,,,,,,
804742,CNAG_08006,IL-5,Virulence dpi,,,,,,
971811,CNAG_12053,Virulence dpi,,,,,,,
1770892,CNAG_12511,Virulence dpi,,,,,,,